title,author,rating,reviews_count,isbn10,price,company
Tell Me your Dreams,by Sidney Sheldon,4.4,160,8172234902,209.0,Amazon
The Boy in the Striped Pyjamas (Definitions),by John Boyne,4.6,134,1862305277,350.0,Amazon
"Romancing the Balance Sheet: For Anyone Who Owns, Runs or Manages a Business",by Anil Lamba,4.5,156,9350294311,477.0,Amazon
Mossad,by Michael Bar-Zohar - Import,4.6,637,8184958455,340.0,Amazon
My Story,by Kamala Das,4.5,42,8172238975,178.0,Amazon
Inspiring Thoughts (Inspiring Thoughts Quotation Series),by A.P.J. Abdul Kalam,4.1,148,8170286840,120.0,Amazon
12 Years a Slave,by Solomon Northup,4.5,41,8175994479,99.0,Amazon
Headley And I,by S. Hussain Zaidi,3.5,14,9350295725,247.0,Amazon
Making India Awesome: New Essays and Columns,by Chetan Bhagat,3.8,1188,8129137429,100.0,Amazon
The Dirty Dozen: Hitmen of the Mumbai Underworld,by Gabriel Khan,4.2,54,9386850133,221.0,Amazon
Commando,by Michael Bar-Zohar,3.7,15,9386867168,333.0,Amazon
"Behold, I Shine: Narratives of Kashmir's Women and Children",by Freny Manecksha - Import,4.3,15,8129145715,106.0,Amazon
Corporate Guru Narayan Murthy,by N Chokkan,4.1,4,8173157685,150.0,Amazon
Byculla to Bangkok,by S. Hussain Zaidi,4.1,96,9351362256,192.0,Amazon
"Who Cheats and How?: Scams, Frauds and the Dark Side of the Corporate World:...",by Robin Banerjee,3.5,17,9351500616,360.0,Amazon
Little Black Book for Stunning Success + Tools for Action Mastery,by Robin Sharma,4.4,67,8184959893,220.0,Amazon
The Book Thief (Definitions Young Adult),by Markus Zusak,4.5,87,1909531618,379.0,Amazon
Refreshing Mandala - Colouring Book for Adults Book 3,by Dreamland Publications,4.4,36,9350899175,175.0,Amazon
Rejuvenate Yourself - Floral Patterns,by Dreamland Publications,4.3,59,9350899477,140.0,Amazon
This Is Not Your Story,by Savi Sharma,4.5,2177,9386224399,100.0,Amazon
IQ Tests Book-1 - Boost Your Intelligence,by Arihant Experts,3.8,19,9350945746,86.0,Amazon
The Perks of Being a Wallflower,by Stephen Chbosky,4.4,306,1451696191,186.0,Amazon
Great Stories for Children,by Ruskin Bond,4.4,217,8129118920,182.0,Amazon
Creative Doodle Colouring - Animals & Birds,by Dreamland Publications,4.7,11,9350897954,140.0,Amazon
"Coloring Mandalas 2: For Balance, Harmony, and Spiritual Well-Being (An Adult...",by Susanne F. Fincher,3.9,2,1590300866,610.0,Amazon
Sita: Warrior of Mithila (Ram Chandra),by Amish Tripathi,4.3,1817,9386224585,226.0,Amazon
How to Be an Adult in Relationships: The Five Keys to Mindful Loving,by David Richo,5.0,1,1570628122,689.0,Amazon
Eleven Minutes,by Paulo Coelho,4.2,234,8172235631,167.0,Amazon
The Animal Book: A Visual Encyclopedia of Life on Earth (Reference),by DK,4.8,19,1409323498,781.0,Amazon
The Power of Your Subconscious Mind: Unlock Your Master Key to Success,by Joseph Murphy,4.5,5009,8172345666,75.0,Amazon
Ram - Scion of Ikshvaku (Book 1 - Ram Chandra Series): 2015 Edition with Updated...,by Amish Tripathi,4.1,4651,9385152149,240.0,Amazon
The Rise of Sivagami: Book 1 of Baahubali - Before the Beginning,by Anand Neelakantan,4.1,793,9386224445,162.0,Amazon
Murder in a Minute,by Shouvik Bhattacharya,4.4,277,9386643723,188.0,Amazon
Alice’s Adventures in Wonderland,by Lewis Carroll,4.0,119,8175992980,89.0,Amazon
Harappa - Curse of the Blood River,by Vineet Bajpai,4.1,680,9352685482,185.0,Amazon
Harry Potter and the Philosopher's Stone,by J.K. Rowling,4.7,1097,1408855658,299.0,Amazon
Geronimo Stilton and the Kingdom of Fantasy #8 - The Hour of Magic,by Geronimo Stilton,4.6,329,9385887815,274.0,Amazon
The Dragon of Fortune (Geronimo Stilton and the Kingdom of Fantasy: Special Edition...,by Geronimo Stilton,4.6,285,9352751183,510.0,Amazon
The Crab with Golden Claws (Tintin),by Herge,4.7,29,1405206209,279.0,Amazon
Suppandi - 3: The Laughter Never Ends,by Rajani Thindiath,4.7,59,9350853736,76.0,Amazon
The adventures of Tintin: King Ottokar's Sceptre,by Herge,4.6,32,1405206195,379.0,Amazon
Circe: The Sunday Times Bestseller,by Madeline Miller,4.3,47,1526603330,364.0,Amazon
Bloodline,by Sidney Sheldon,4.3,67,8172234864,280.0,Amazon
Geronimo Stilton #58: The Super Chef Contest,by Geronimo Stilton,4.2,66,9351033287,186.0,Amazon
The Jungle Book (First Stories),by Miriam Bos,4.4,71,1509808361,224.0,Amazon
Peppa Pig: Amazing Adventures Sticker Book,by NA,4.8,11,1409312135,194.0,Amazon
Swami and Friends,by R. K. Narayan,4.6,204,8185986002,114.0,Amazon
The Secret Of The Nagas (Shiva Trilogy-2),by Amish Tripathi - Abridged,4.6,1681,9381626340,244.0,Amazon
The Oath of the Vayuputras (Shiva Trilogy),by Amish Tripathi,4.4,1608,9382618341,282.0,Amazon
Fantastic Beasts: The Crimes of Grindelwald: The Original Screenplay (Fantastic...,by J.K. Rowling,4.8,52,1408711702,434.0,Amazon
The Adventures of Tintin Volume 1,by Herge,3.7,9,1405282754,784.0,Amazon
Harry Potter and the Chamber of Secrets (Harry Potter 2),by J.K. Rowling,4.7,562,1408855666,374.0,Amazon
Keepers of the Kalachakra: Book 5 in the Bharat Series of Historical and Mythological...,by Ashwin Sanghi,4.0,472,9386850648,100.0,Amazon
Harry Potter and the Prisoner of Azkaban (Harry Potter 3),by J.K. Rowling,4.4,474,1408855674,374.0,Amazon
Geronimo Stilton - The Hunt for the Golden Book,by Geronimo Stilton - Large Print,4.4,179,9351032167,319.0,Amazon
Norse Mythology,by Neil Gaiman,4.4,108,1526602067,299.0,Amazon
The Secret of the Druids (Mahabharata Quest Series Book 2),by Christopher C. Doyle,4.1,273,9385724223,179.0,Amazon
Indian Art and Culture,by Nitin Singhania,4.5,391,9387067548,412.0,Amazon
Bharatiya Kala Evam Sanskriti,by Nitin Singhania,4.6,128,9387067718,370.0,Amazon
The Art of War,by Sun Tzu,4.3,76,8184950888,175.0,Amazon
ICSE Art of Effective English Writing for Classes IX - X,by O P Singh,4.6,20,9352534751,316.0,Amazon
Trump: The Art of the Deal,by Donald Trump,4.0,51,1784758248,320.0,Amazon
All you need is Love: The art of mindful parenting,by Shelja Sen,4.3,36,9351770729,225.0,Amazon
The Bachelor of Arts,by R. K. Narayan,4.4,31,8185986010,90.0,Amazon
"Ready, Study, Go!: Smart Ways to Learn",by Khurshed Batliwala,4.5,444,9352641345,178.0,Amazon
The Art of Living,by Thich Nhat Hanh,4.5,2,1846045096,434.0,Amazon
Gurudev: On the Plateau of the Peak: The Life of Sri Sri Ravi Shankar,by Bhanumathi Narasimhan,4.9,330,9386850575,293.0,Amazon
The Art Of Study,by Vijay Agarwal,4.3,17,8190702564,175.0,Amazon
The Orient Blackswan School Atlas with CD,by OBS,4.1,479,8125056866,236.0,Amazon
World Map,by Dreamland Publications,4.5,856,8184511213,91.0,Amazon
"World Atlas: Government Approved Maps of India and the World, for Exams and Competitions...",by VS Editorial Board,3.5,2,9357941495,94.0,Amazon
Longman School Atlas,by Longman,4.1,8,9332510210,286.0,Amazon
India Map,by Dreamland Publications,4.6,594,8184511523,91.0,Amazon
Disha Children's Yearbook 2018 - General Knowledge Fundamentals and Current Affairs,by Disha Experts,4.7,7,9387421007,203.0,Amazon
Our Earth (Family Reference),by NA,2.0,1,1472311310,325.0,Amazon
"The Husband's Secret: From the bestselling author of Big Little Lies, now an...",by Liane Moriarty,3.6,31,1405911662,221.0,Amazon
The Sealed Nectar: Biography of the Noble Prophet,by Safi-ur-Rahman al-Mubarkpuri,4.7,38,9960899551,485.0,Amazon
Numbercaste,by Yudhanjaya Wijeratne,4.5,2,9353023335,218.0,Amazon
The Power of your Subconscious Mind,Joseph Murphy,4.5,4977,8192910962,65.0,Amazon
"The 5 AM Club: Own Your Morning, Elevate Your Life",Robin Sharma,4.3,143,9387944891,199.0,Amazon
Think and Grow Rich,Napoleon Hill,4.6,3596,8192910911,64.0,Amazon
General Knowledge 2019,Manohar Pandey,4.2,515,9312147307,19.0,Amazon
General Knowledge,Not Available,4.4,2035,9384761540,156.0,Amazon
Word Power Made Easy,Norman Lewis,4.4,5643,8183071007,76.0,Amazon
Quantitative Aptitude for Competitive Examinations,R S Aggarwal,4.1,3310,9352534026,427.0,Amazon
The Alchemist,Paulo Coelho,4.6,3820,8172234988,182.0,Amazon
Manorama Yearbook 2019 ( English),Not Available,4.5,37,8193769716,228.0,Amazon
24 Years UPSC IAS/ IPS Prelims Topic-wise Solved Papers 1 & 2 (1995-2018),Disha Experts,4.3,220,9388026586,270.0,Amazon
How to Win Friends and Influence People,Dale Carnegie,4.5,2640,8192910997,79.0,Amazon
Attitude Is Everything: Change Your Attitude ... Change Your Life!,Jeff Keller,4.6,748,9351772071,105.0,Amazon
Lucent's General Science (2018-2019) Session,Not Available,4.1,220,9384761141,150.0,Amazon
Wings of Fire: An Autobiography of Abdul Kalam,Not Available,4.6,2131,8173711461,194.0,Amazon
The Forest of Enchantments,Chitra Banerjee Divakaruni,4.6,8,9353025982,373.0,Amazon
"Don't Lose Your Mind, Lose Your Weight",Rujuta Diwekar,4.5,1003,8184001053,118.0,Amazon
Life is What You Make It,Preeti Shenoy,4.0,2859,9380349300,75.0,Amazon
The Theory of Everything,Stephen Hawking,4.5,531,8179925919,111.0,Amazon
Oswaal CBSE Sample Question Paper Class 10 Science (For March 2019 Exam),Oswaal Editorial Board,4.3,30,9388036662,127.0,Amazon
Oswaal CBSE Sample Question Paper Class 10 Mathematics (For March 2019 Exam),Oswaal Editorial Board,4.4,42,9388036689,127.0,Amazon
CBSE Chemistry Chapterwise Solved Papers Class 12th,Not Available,4.2,97,9313161419,152.0,Amazon
CBSE Chapterwise Physics Class 12th,Not Available,4.2,87,9313161427,172.0,Amazon
1984,George Orwell,4.4,738,8192910903,88.0,Amazon
Who Will Cry When You Die?,Robin Sharma,4.4,2795,8179922324,103.0,Amazon
The Great Gatsby,F. Scott Fitzgerald,4.1,338,8172344562,47.0,Amazon
Oswaal CBSE Sample Question Paper Class 10 Social Science (For March 2019 Exam),Oswaal Editorial Board,4.6,24,9388036670,126.0,Amazon
Objective NCERT at your Fingertips - Biology,Not Available,4.7,268,9387949222,408.0,Amazon
NTA UGC NET/SET/JRF - Paper 1: Teaching and Research Aptitude by Pearson,KVS Madaan,4.4,505,9332551731,216.0,Amazon
40 Years' Chapterwise Topicwise Solved Papers (2018-1979) IIT JEE Physics,DC. Pandey,4.1,90,9313163292,191.0,Amazon
High School English Grammar and Composition Book (Regular Edition),Not Available,4.4,883,9352530144,259.0,Amazon
Fast Track Objective Arithmetic,Not Available,4.3,2876,9312149830,223.0,Amazon
"The Power of Habit: Why We Do What We Do, and How to Change",Charles Duhigg,4.4,639,1847946240,286.0,Amazon
Emotion and Relationships,Sadhguru,4.7,124,9386867508,138.0,Amazon
Rich Dad Poor Dad,Robert T. Kiyosaki,4.5,3563,8186775218,135.0,Amazon
Bharat Ki Rajvayvastha,M. Laxmikanth,4.5,673,9352603869,381.0,Amazon
40 Years' Chapterwise Topicwise Solved Papers (2018-1979) IIT JEE Mathematics,Amit M. Agarwal,4.2,91,9313163314,200.0,Amazon
The Secret,Rhonda Byrne,4.5,1605,1847370292,415.0,Amazon
40 Years Chapterwise Topicwise Solved Papers (2018-1979) IIT JEE Chemistry,Ranjeet Shahi,4.4,91,9313163306,225.0,Amazon
Oswaal CBSE Question Bank Class 10 Science Chapterwise and Topicwise (For March 2019 Exam),Not Available,4.6,184,9387504913,247.0,Amazon
Objective General English,S.P. Bakshi,4.2,1771,9351768449,154.0,Amazon
10 Last Years Solved Papers: CBSE Class 10 for 2019 Examination,Not Available,4.0,99,9387660400,357.0,Amazon
One Indian Girl,Chetan Bhagat,3.6,4929,8129142147,96.0,Amazon
How to Stop Worrying and Start Living: Time-Tested Methods for Conquering Worry,Dale Carnegie,4.5,627,8175993952,88.0,Amazon
Current Affairs Yearly  2019,Not Available,5.0,3,9313169886,124.0,Amazon
The 7 Habits of Highly Effective People,Not Available,4.0,1093,1471131823,311.0,Amazon
Mahatma Gandhi Autobiography: The Story Of My Experiments With Truth,by Mahatma Gandhi,4.4,247,8172343116,99.0,Amazon
Turning Points : A Journey Through Challanges: A Journey Through Challenges,by A.P.J. Abdul Kalam - Abridged,4.7,409,9350293471,135.0,Amazon
The Autobiography of Benjamin Franklin,by Benjamin Franklin,4.1,253,8175993286,99.0,Amazon
Grinding It Out: The Making of McDonald's,by Ray Kroc,4.5,21,1250127505,280.0,Amazon
My Journey: Transforming Dreams into Actions,by A.P.J. Abdul Kalam,4.7,587,8129124912,180.0,Amazon
Without Fear,by Kuldip Nayar,4.7,95,9350292203,170.0,Amazon
A Century is not Enough: My Roller-coaster Ride to Success,by Sourav Ganguly - Illustrated,4.6,322,9386228564,363.0,Amazon
Narendra Modi: A political Biography,by Andy Marino,4.4,92,9351770257,253.0,Amazon
Albert Einstein: A Biography,by Alice Calaprice,4.3,44,8184953542,263.0,Amazon
Touch the Sky: The inspiring stories of women from across India who are writing...,by Rashmi Bansal - Abridged,3.7,38,9386850702,109.0,Amazon
Devil's Advocate: The Untold Story,by Karan Thapar,4.1,70,9352779843,370.0,Amazon
Jerusalem: The Biography,by Simon Sebag Montefiore,4.6,17,1780220251,524.0,Amazon
My Journey,by Apj Abdul Kalam,4.6,61,8183224202,106.0,Amazon
Lone Fox Dancing: My Autobiography,by Ruskin Bond,4.8,99,9386338904,315.0,Amazon
Ronaldo - 2018 Updated Edition: The Obsession For Perfection (Luca Caioli),by Luca Caioli,5.0,9,1785782312,359.0,Amazon
The Coalition Years,by Pranab Mukherjee,3.6,39,8129149052,325.0,Amazon
Unbreakable,by Mary Kom,4.6,158,9351160092,145.0,Amazon
Pride & Prejudice,by Jane Austen,4.3,352,8172344503,79.0,Amazon
Rekha: The Untold Story,by Yasser Usman,3.7,72,8193284186,256.0,Amazon
How to Memorize Anything: The Ultimate Handbook to Enlighten and Improve Your...,by Aditi Singhal,4.4,147,8184005210,242.0,Amazon
Pathways to Greatness,by A.P.J. Abdul Kalam,4.7,13,9352643836,165.0,Amazon
Inspiring Thoughts (Inspiring Thoughts Quotation Series),by Swami Vivekanand,4.2,306,8170289262,107.0,Amazon
Meri Jeevan Yatra,by A.P.J. Abdul Kalam,4.7,146,9350487977,150.0,Amazon
Autobiography of a Yogi (Telugu),by Paramahansa Yogananda,4.7,114,8189955357,141.0,Amazon
Ivory Throne: Chronicles of the House of Travancore,by Manu S. Pillai,4.3,127,9351776425,433.0,Amazon
"Shirdi Sai Baba: Life, Philosophy & Teachings",by Satish C. Agarwal,4.1,10,8175994711,159.0,Amazon
I Tagged Her in My Heart,by Anuj Tiwari - Import,4.7,224,8129149567,100.0,Amazon
Sanjay Dutt: The Crazy Untold Story of Bollywood’s Bad Boy,by Yasser Usman,4.2,37,9386228580,293.0,Amazon
A Thousand Splendid Suns,by Khaled Hosseini,4.5,729,1408844443,374.0,Amazon
Don'T Kill Him!: The Story Of My Life With Bhagwan Rajneesh,by Ma Anand Sheela,3.6,32,8172344449,189.0,Amazon
Turning Points (Hindi),by A.P.J. Abdul Kalam,4.7,409,9350641003,160.0,Amazon
Lauhpurush Sardar Vallabhbhai Patel,by Sushil Kapoor,5.0,2,9350484080,143.0,Amazon
Bal Thackeray and the Rise of the Shiv Sena,by Vaibhav Purandare,3.7,13,8174369589,280.0,Amazon
Indira: India’s Most Powerful Prime Minister,by Sagarika Ghose,1.4,389,9386228343,508.0,Amazon
Tom Gates Book #2: Excellent Excuses Cand Other Good Stuff,by Tom Gates,4.8,76,9351033007,157.0,Amazon
Veronika Decides to Die,by Paulo Coelho,4.4,202,8172235437,186.0,Amazon
Miracles of Your Mind,by Dr. Joseph Murphy,4.2,218,8183225101,72.0,Amazon
The Leader Who Had No Title,by Robin Sharma,4.4,393,8184951191,189.0,Amazon
Tom Gates Book #3: Everythings Amazing,by Tom Gates,4.8,55,9351033015,157.0,Amazon
The Definitive Book of Body Language,by Allan Pease,4.4,137,8183220142,255.0,Amazon
The Magic,by Rhonda Byrne,4.6,602,1849838399,230.0,Amazon
Accounting and Finance for Bankers,by Med,4.5,248,9350598485,352.0,Amazon
Eclipse,by Stephenie Meyer,4.3,92,1904233910,447.0,Amazon
The Philosophy Book (Big Ideas),by DK,4.6,25,1405353295,609.0,Amazon
The Great Book of Puzzles & Teasers,by George J. Summers,4.2,68,8172242212,60.0,Amazon
My Baby Record Book,by Dreamland Publications,4.4,117,9350896540,175.0,Amazon
Prep Guide To BITSAT 2019,by Arihant Expert,4.1,19,9313163802,497.0,Amazon
The Business School,by Robert T. Kiyosaki,4.5,216,8186775811,108.0,Amazon
Before You Start Up: How to Prepare to Make Your Startup Dream a Reality,by Pankaj Goyal,4.6,32,8175994401,179.0,Amazon
Questions Are the Answers,by Allan Pease,4.4,226,8186775056,83.0,Amazon
Corporate Chanakya,by Radhakrishnan Pillai,4.2,188,8184951337,189.0,Amazon
IIMA - Day to Day Economics,by Satish Y. Deodhar,4.4,314,8184001630,173.0,Amazon
I Do What I Do,by Raghuram G. Rajan,4.3,313,9352770145,363.0,Amazon
Think and Grow Rich - the 21St-Century Edition,by Napoleon Hill,4.6,118,8183223656,185.0,Amazon
The Business of the 21St Century (Tamil),by Robert T Kiyosaki,3.8,22,8183223362,149.0,Amazon
The Dhandho Investor: The Low-Risk Value Method to High Returns,by Mohnish Pabrai,4.2,169,8126564636,196.0,Amazon
Entrepreneur 5 P.M. to 9 A.M.: Launching a Profitable Start-Up without Quitting...,by Kanth Miriyala,4.0,58,8129123932,195.0,Amazon
The Business School,by Robert Kiyosaki,4.2,18,8183221645,185.0,Amazon
The Business School,by Robert T Kiyosaki,3.8,18,8183222366,185.0,Amazon
Copycat Marketing 101,by Burke Hedges,4.2,206,8182744466,90.0,Amazon
The Business of the 21St Century,by Robert T. Kiyosaki,4.3,29,8183223664,157.0,Amazon
Business Sutra: A Very Indian Approach to Management (Old Edition),by Devdutt Pattanaik - Unabridged,4.4,110,9384067547,489.0,Amazon
"The $100 Startup: Fire Your Boss, Do What You Love and Work Better To Live More",by Chris Guillebeau,4.0,112,1447286316,239.0,Amazon
The Business of the 21St Century,by Robert T. Kiyosaki,4.1,69,8183223273,164.0,Amazon
The One Minute Manager,by Kenneth Blanchard,4.4,234,8172234996,118.0,Amazon
Sawal Hi Jawab Hai,by Allan Pease,4.3,237,8186775064,64.0,Amazon
The Big 100: The 100 Business Tools You Need to Succeed,by Jeremy Kourdi,4.8,6,1444796119,208.0,Amazon
Naye Zamane Ka Naya Business: Network Marketing,by Shanker Manshani,4.2,29,8183222692,190.0,Amazon
Questions Are the Answers,by Allan Pease,4.0,21,8183222374,84.0,Amazon
Inside the C-Suite: 21 Lessons from Top Management to Get Your Way in Business...,by Jayaram Easwaran,4.8,15,9352773691,240.0,Amazon
Business Studies Class- 11 - CBSE-2018,by Poonam Gandhi,4.9,11,9387516806,350.0,Amazon
Narrative and Numbers: The Value of Stories in Business,by Aswath Damodaran,4.7,4,9353024536,311.0,Amazon
Sochiye Aur Amir Baniye (Think and Grow Rich),by Napoleon Hill,4.2,332,8186775552,158.0,Amazon
Business Studies Class 12 - CBSE 2018,by Gandhi. Poonam,4.4,8,9387516644,375.0,Amazon
A Feast of Vultures: The Hidden Business of Democracy in India,by Josy Joseph,4.5,254,9350297515,522.0,Amazon
I have a Dream,by Rashmi Bansal,3.9,126,9380658389,187.0,Amazon
Logon ko 90 seconds Mein Kaise Prabhavit Karen,by Nicholas Boothman,4.3,21,8183226957,207.0,Amazon
Think and Grow Rich 21St Cent. Edition,by Napoleon Hill,4.4,92,8183223133,189.0,Amazon
Marketing 4.0: Moving from Traditional to Digital,by Philip Kotler,4.2,50,8126566930,298.0,Amazon
Questions Are the Answers,by Allan Pease,3.5,7,8186775447,116.0,Amazon
HBR's 10 Must Reads: On Leadership (Harvard Business Review Must Reads),by HBR,4.8,14,1422157970,600.0,Amazon
Retire Young Retire Rich,by Robert T. Kiyosaki,4.3,45,8183221459,344.0,Amazon
Hum Apko Ameer Kyon Banana Chahte Hain ( Why We Want You to Be Rich  in Hindi),by Robert T. Kiyosaki,3.9,15,8183220908,333.0,Amazon
Connect the Dots,by Rashmi Bansal,4.3,344,9381626707,197.0,Amazon
Corporate Chanakya on Leadership (With CD),by Radhakrishnan Pillai,4.4,27,8184953070,284.0,Amazon
Corporate Guru Dhirubhai Ambani,by Prateeksha M. Tiwari,3.3,18,8128824287,101.0,Amazon
CBSE Chapterwise Solved Paper Business Studies Class 12 for 2018-2019,by Arihant Expert,3.7,18,9313161443,110.0,Amazon
The Essential Collection for Young Readers,by Ruskin Bond,4.2,29,8129137003,195.0,Amazon
Lovely Board Books: Gift Pack (Set of 10 Books),by Dreamland Publications,4.3,711,8184511590,455.0,Amazon
The Vedas and Upanishads for Children,by Roopa Pai,3.0,2,9351952967,238.0,Amazon
Goodnight Moon,by Margaret Wise Brown,3.9,190,1509829466,107.0,Amazon
365 Pancharantra Stories,by OM Books,4.1,180,8187107588,357.0,Amazon
The Blue Umbrella,by Ruskin Bond,4.4,348,8129124548,97.0,Amazon
Baby touch: Peekaboo,by Lemon Ribbon Studio,4.3,596,1409300498,230.0,Amazon
The Book of Children: Supporting the Freedom and Intelligence of a New Generation...,by Osho,4.6,35,1250006201,298.0,Amazon
Children's Encyclopedia - The World of Knowledge: Familiarising Children with...,by V&S Editorial Board,4.0,112,9350571099,643.0,Amazon
Student's Encyclopedia of General Knowledge (General Press),by Azeem Ahmad Khan,4.1,189,9380914199,131.0,Amazon
A Complete Resource for CTET: Child Development and Pedagogy,by Sandeep Kumar,3.9,67,9332541302,125.0,Amazon
Jane Eyre,by Charlotte Bronte,4.3,183,8193387619,88.0,Amazon
Metamorphosis,by Franz Kafka,4.2,198,8172345135,69.0,Amazon
Three Men in a Boat,by Jerome K. Jerome,4.3,201,8172344430,99.0,Amazon
Macbeth,by William Shakespeare,4.3,89,8175994193,99.0,Amazon
The Greatest Short Stories of Leo Tolstoy,by Leo Tolstoy,4.5,173,8184950314,189.0,Amazon
Mrs. Dalloway,by Virginia Woolf,4.2,33,8175994215,99.0,Amazon
The Origin of Species,by Charles Darwin,4.3,214,8172344880,189.0,Amazon
Tantri the Mantri - 4,by Rajani Thindiath,4.0,7,9350853701,76.0,Amazon
Bāhubali: Battle of the Bold,by Graphic India,3.7,55,9386224658,95.0,Amazon
Geronimo Stilton #64: The Magical Mission,by Geronimo Stilton,4.4,91,9386106256,272.0,Amazon
Objective Computer Awareness,by Arihant Experts,4.0,171,9311121266,78.0,Amazon
A Handbook on Computer Science & IT - Illustrated Formulae & Key Theory Concepts,by Made Easy Editorial Board,4.0,180,9383643242,247.0,Amazon
Handbook of Computer Science & IT,by Surbhi Mitra,3.9,193,9350944308,190.0,Amazon
CCC (Course on Computer Concepts) Study Guide,by Arihant Experts,4.3,44,9311124559,147.0,Amazon
Computer Knowledge for SBI/IBPS Clerk/PO/RRB/RBI/SSC... Exams,by Shikha Agarwal,3.5,46,9386320177,93.0,Amazon
19 years GATE Computer Science & Information Technology Chapter-wise & Topic-wise...,by Disha Experts,3.8,5,9388026764,175.0,Amazon
Computer System Architecture 3e (Update) by Pearson,by Mano M Morris,4.3,102,9332585601,446.0,Amazon
CBSE Computer Science Chapterwise Solved Papers  Class 12 for 2018-2019,by Arihant Expert,4.4,27,9313161486,232.0,Amazon
CBSE All  In One Computer Science CBSE Class 12 for 2018 - 19,by K. Ganesh Ayyer,4.2,19,9312149091,232.0,Amazon
"Computer Networks, 5e (5th Edition)",by Tanenbaum,4.2,61,9332518742,493.0,Amazon
CCC (Course on Computer Concepts),by Arihant Experts,3.8,41,9311124567,94.0,Amazon
Oswaal ICSE Question Bank Class 10 Computer Application Chapterwise and Topicwise...,by Oswaal Editorial Board,3.7,11,9387504743,75.0,Amazon
Super Speed Computer Course,by Shashank Johari,3.9,12,8173158762,250.0,Amazon
Comdex Hardware and Networking Course Kit: Revised & Upgraded,by Vikas Gupta,4.0,16,9351192652,379.0,Amazon
Object-Oriented Programming with C++,by E Balagurusamy,4.5,73,9352607996,371.0,Amazon
Programming and Problem Solving with Python,by Ashok Namdev Kamthane,4.8,6,9387067572,519.0,Amazon
Oswaal CBSE Question Bank Class 10 Social Science Chapterwise and Topicwise (...,by Oswaal Editorial Board,4.7,167,9387504921,320.0,Amazon
Olympiad Champs Cyber Class 1 with Past Olympiad Questions,by Disha Experts,5.0,1,9388240278,90.0,Amazon
"Computer Fundamentals, 1e",by Goel,4.2,43,8131733092,349.0,Amazon
Electronics and Communication Engineering GATE 2019,by Ankit Goel,4.1,14,9312148222,669.0,Amazon
Brain Games for Clever Kids (Buster Brain Games),by Gareth Moore,4.6,37,1780552491,188.0,Amazon
The Perfect Murder,by Ruskin Bond - Import,3.8,56,8129144972,195.0,Amazon
3 and a Half Murders: An Inspector Saralkar Mystery,by Salil Desai,4.4,69,8175994258,189.0,Amazon
I Am Watching You,by Teresa Driscoll,4.0,46,1542046599,269.0,Amazon
Born a Crime: Stories from a South African Childhood,by Trevor Noah,4.8,143,1473635306,388.0,Amazon
The Other Side of Midnight,by Sidney Sheldon,4.3,53,8172234937,209.0,Amazon
Nothing Lasts Forever,by Sidney Sheldon,4.2,84,8172234856,266.0,Amazon
Harry Potter and the Goblet of Fire (Harry Potter 4),by J.K. Rowling,4.7,322,1408855682,524.0,Amazon
Peaks and Valleys,by Spencer Johnson,4.4,28,1847396488,109.0,Amazon
Attitude Is Everything (Pentagon Press),by Jeff Keller,4.3,40,8182747252,166.0,Amazon
Dork Diaries Frenemies Forever,by Rachel Renee Russell,4.6,70,1471158039,182.0,Amazon
Dork Diaries: Holiday Heartbreak,by Rachel Renee Russell - Import,4.8,45,1471144771,254.0,Amazon
Dork Diaries,by Rachel Renee Russell,4.6,49,1471168018,202.0,Amazon
Dork Diaries: TV Star,by Rachel Renee Russell - Import,4.8,37,1471143953,308.0,Amazon
"Understanding Exposure, Fourth Edition",by BRYAN PETERSON,4.5,48,1607748509,633.0,Amazon
The Digital Photography Handbook: An Illustrated Step-by-step Guide,by Doug Harman - Import,4.0,1,1786481324,437.0,Amazon
"Big Data: A Revolution That Will Transform How We Live, Work and Think",by Viktor Mayer-Schonberger,3.8,57,1848547927,255.0,Amazon
Photography: The Definitive Visual History,by Tom Ang,5.0,2,1409346455,1.0,Amazon
Stretch Your Technology Email,by Ankit Fadia,4.1,14,9385152459,77.0,Amazon
Digital Photography for Beginners: Photography Essentials Basics Lessons Course...,by Angela Pierce,1.0,5,1681858711,349.0,Amazon
Valley of Genius,by Adam Fisher,5.0,2,1538714493,510.0,Amazon
So You Want to Know About Economics,by Roopa Pai - Import,4.7,65,8129145197,195.0,Amazon
Fault Lines : How Hidden Fractures Still Threaten The World Economy,by Raghuram Rajan,4.7,139,9350291738,421.0,Amazon
UGC NET Economics,by Sunder Gopal Mishra,4.2,14,9312146440,469.0,Amazon
15 Sample Question Papers Economics Class 12th CBSE,by Arihant Experts,4.5,2,9313166046,200.0,Amazon
CBSE All  In One Economics Class 11 for 2018 - 19,by Arihant Experts,3.6,17,9312148389,264.0,Amazon
CBSE Chapterwise Solved Papers Economics Class 12 for 2018-2019,by Arihant Expert,4.3,17,9313161451,159.0,Amazon
15 Sample Question Papers Economic Class 11th CBSE,by Arihant Expert,3.0,1,9313166208,109.0,Amazon
KVS PGT Self Preparation Guide Economics Recruitment Examination,by Arihant Experts,3.3,3,9312144960,228.0,Amazon
CBSE All  In One Economics CBSE Class 12 for 2018 - 19,by Arihant Experts,3.8,32,9312149083,210.0,Amazon
Objective Economics (वस्तुनिष्ठ अर्थशास्त्र),by Sanjay Kumar,3.4,8,9350126672,135.0,Amazon
Mastering the Market Cycle: Getting the Odds on Your Side,by Howard Marks,4.1,15,1473680379,616.0,Amazon
Indian Economy,by Gaurav  Datt,3.6,48,9352531299,499.0,Amazon
EAD 15+1 cbse sample papers for class 12 Economics for 2019 examination,by Rachna Sagar,3.0,2,9387984532,189.0,Amazon
Xam Idea Economics Class 12 for 2019 Exam,by VK Global Publications Pvt. Ltd.,3.1,4,9387958477,390.0,Amazon
The Most Important Thing: Uncommon Sense for The Thoughtful Investor,by Howard Marks - Import,4.7,30,9353022797,238.0,Amazon
Capital (Das Kapital),by Karl Marx,4.5,48,8175994142,299.0,Amazon
India After Gandhi: The History of the World's Largest Democracy,by Ramachandra Guha,4.5,232,9382616977,477.0,Amazon
Advanced Economic Theory,by H L Ahuja,3.3,23,9352533321,655.0,Amazon
The Failure Project: The Story of Man's Greatest Fear,by Kochhar,4.1,8,9352015789,231.0,Amazon
Objective Civil Engineering,by P.K. Mishra,3.5,37,8174827986,103.0,Amazon
Children's Science Encyclopedia (Hindi): Familiarises Children with Important...,by A.H Hashmi,3.3,4,9381588813,413.0,Amazon
First Encyclopedia of Animals (Usborne First Encyclopedias),by Paul Dowswell,5.0,2,1409522423,455.0,Amazon
"Horoscope 2019: Your Complete Forecast, Pisces",by Bejan Daruwalla,4.348216833095578,0,9353024064,61.0,Amazon
Tarot Predictions 2019,by Karmel Nair - Import,5.0,11,9353020123,183.0,Amazon
"National Geographic Answer Book: 10,001 Fast Facts About Our World",by National Geographic,4.0,6,1426208928,750.0,Amazon
"Horoscope 2019: Your Complete Forecast, Scorpio",by Bejan Daruwalla,4.0,1,9353024226,74.0,Amazon
Quick General Knowledge 2018 with Current Affairs Update,by Disha Experts,3.4,90,9386323567,37.0,Amazon
5 Lb. Book of Gre Practice Problems (Manhattan Prep 5 lb Series),by Manhattan Prep,4.6,151,1506247598,1.0,Amazon
NEET Prep Guide 2019 with free Revision Points Booklet,by Arihant Expert,4.5,7,9313162539,685.0,Amazon
Legal Awareness and Legal Reasoning: For CLAT and Other Law Entrance Examinations...,by A. P. Bhardwaj,4.4,46,9352864964,412.0,Amazon
50 Successful Harvard Application Essays: What Worked for Them Can Help You Get...,by Harvard Crimson,5.0,4,1250127556,319.0,Amazon
"CISSP All-in-One Exam Guide, Eighth Edition",by Shon Harris - Import,3.7,11,1260142655,4.0,Amazon
Family Wisdom From The Monk Who Sold His Ferrari,by Robin Sharma,4.3,72,8179922308,214.0,Amazon
You are My Reason to Smile,by Arpit Vageria,4.4,470,9382665889,88.0,Amazon
Her Last Wish,by Ajay K. Pandey,4.7,1010,9382665870,88.0,Amazon
Peppa Pig: My Daddy,by Peppa Pig,4.1,19,1409309061,237.0,Amazon
Family Wisdom,by Robin Sharma,4.3,3,8184951914,166.0,Amazon
When Breath Becomes Air,by Paul Kalanithi,4.6,626,1847923674,332.0,Amazon
"Men are from Mars, Women are from Venus",by John Gray,4.4,427,8172235038,209.0,Amazon
Rich Dad Poor Dad (tamil),by Robert T Kiyosaki,4.5,361,8183223753,203.0,Amazon
What to Expect When You're Expecting,by Heidi Murkoff,4.4,71,1471147533,521.0,Amazon
Light on Yoga: The Classic Guide to Yoga by the World's Foremost Authority,by B.K.S. Iyengar,4.5,316,8172235011,298.0,Amazon
How to Talk So Kids Will Listen and Listen So Kids Will Talk,by Adele Faber,4.7,86,1848126328,255.0,Amazon
Tell Tale,by Jeffrey Archer,4.4,133,1509867767,269.0,Amazon
Ayurvediya Garbh Sanskar (Marathi),by Shree Balaji Tambe,4.5,408,9380571089,601.0,Amazon
Harry Potter and the Order of the Phoenix (Harry Potter 5),by J.K. Rowling,4.5,304,1408855690,599.0,Amazon
The Great Indian Diet,by Shilpa Shetty Kundra,4.0,380,8184007485,161.0,Amazon
One-Minute Super Dad: 99 Magic Moments to Raise Amazing Children,by Dr Prashant Jindal,4.6,44,9352774531,157.0,Amazon
Imagine: No Child Left Invisible,by Shelja Sen,4.8,9,9352773268,300.0,Amazon
The Ship of Secrets (Geronimo Stilton and the Kingdom of Fantasy #10),by Geronimo Stilton,4.8,151,9386313774,374.0,Amazon
Dharmayoddha Kalki: Avatar of Vishnu (Book 1),by Kevin Missal,4.2,226,8193503309,179.0,Amazon
Kingdom of Fantasy #6: The Search for Treasure (Geronimo Stilton - Kingdom of...,by Geronimo Stilton,4.6,162,9351033147,350.0,Amazon
Geronimo Stilton and the Kingdom of Fantasy #7: The Enchanted Charms,by Geronimo Stilton - Illustrated,4.7,182,9351035492,373.0,Amazon
Geronimo Stilton Se: The Journey through Time,by Geronimo Stilton,4.6,195,9351031934,371.0,Amazon
Geronimo Stilton Journey Through Time 3,by Geronimo Stilton - Import,4.7,87,9351037703,392.0,Amazon
The Priory of the Orange Tree,by Samantha Shannon,4.348216833095578,0,1526612860,524.0,Amazon
Harry Potter Aur Paras Patthar,by J.K. Rowling,4.7,115,8186775609,102.0,Amazon
The Blue Umbrella,by Ruskin Bond,4.4,350,8171673406,95.0,Amazon
The Last Avatar (Age of Kalki #1),by Vishwas Mudagal,4.2,17,9353024668,186.0,Amazon
Nursery Rhymes (My Jumbo Books),by Dreamland Publications,4.5,85,8184516207,140.0,Amazon
Nagargalin Ragayasam - The Secret of the Nagas (Tamil),by Amish Tripathi,4.5,147,9384030538,181.0,Amazon
Everyone Has A Story,by Savi Sharma,4.1,3372,9386036754,100.0,Amazon
Rabindranath Tagore - Selected Short Stories (Master's Collections),by Rabindranath Tagore,4.1,164,9380816049,86.0,Amazon
Be My Perfect Ending,by Arpit Vageria,4.4,204,9387022080,87.0,Amazon
She Friend - Zoned My Love,by Sudeep Nagarkar,4.6,248,9385990004,112.0,Amazon
Rumi A New Translation,by Farrukh Dhondy,4.1,67,9350290820,238.0,Amazon
A Hundred Little Flames,by Preeti Shenoy,4.7,426,9386850427,299.0,Amazon
The 3 Mistakes of My Life,by Chetan Bhagat,4.3,615,8129135515,101.0,Amazon
One Night @ The Call Centre,by Chetan Bhagat,4.0,595,8129135507,106.0,Amazon
21 Anmol Kahaniyaa (Premchand),by Premchand,4.5,85,9350336618,119.0,Amazon
War & Peace,by Leo Tolstoy,4.3,103,8175992832,279.0,Amazon
Masterpieces of World Fiction: Selected Stories By  LEO TOLSTOY,by LEO TOLSTOY,4.4,9,8129131498,140.0,Amazon
Think and Grow Rich,by Napoleon Hill,4.6,3611,9350330954,166.0,Amazon
Little Women,by Louisa May Alcott,4.3,136,8175992905,169.0,Amazon
It's All in the Planets,by Preeti Shenoy,4.3,403,9386036452,167.0,Amazon
Dracula,by Bram Stoker,4.2,156,8172344775,99.0,Amazon
Mistress of the Throne: The Mughal Intrigues,by Ruchir Gupta,4.1,71,9382665072,150.0,Amazon
No Matter What I Do: I end up Falling for You,by Devanshi Sharma,4.2,216,9382665846,88.0,Amazon
The Right Time,by Danielle Steel,3.6,4,1509881336,211.0,Amazon
Chanakya's Chant: Book 2 in the Bharat Series of Historical and Mythological...,by Ashwin Sanghi,4.1,585,9381626812,244.0,Amazon
Shivagami Kadha  Bahubali  Bhagam 1: The Rise Of Sivagami Telugu,by Anand Neelakantan,3.6,28,9386224607,255.0,Amazon
Poonachi: Or the Story of a Black Goat,by Perumal Murugan,4.5,121,9386850494,114.0,Amazon
Nothing Lasts Forever,by Vish Dhamija,3.9,254,9380349246,105.0,Amazon
The Dramatic Decade: The Indira Gandhi Years,by Pranab Mukherjee,3.7,225,8129135744,199.0,Amazon
The Secret,by Rhonda Byrne,4.5,1610,1471172392,538.0,Amazon
In the Blink of An Eye: 2nd Edition,by Walter Murch,4.3,28,1879505622,829.0,Amazon
Our Films Their Films (Disha),by Ray,4.7,14,8125015655,371.0,Amazon
Deep Focus: Reflections on Cinema,by Satyajit Ray,4.5,30,9351360016,188.0,Amazon
I am The Mind,by Deep Trivedi,4.1,172,9384850098,236.0,Amazon
The Pather Panchali Sketchbook,by Satyajit Ray,4.9,21,9351779335,874.0,Amazon
General Knowledge Aptitude and Logical Thinking for AIIMS,by Sunil Nain,4.5,57,9387351416,116.0,Amazon
AIIMS General Knowledge with Logical Thinking with Monthly Current Affairs Update...,by Disha Experts,3.8,19,9386629771,120.0,Amazon
Know Your State - Himachal Pradesh,by Arihant Experts,4.1,16,9350947900,185.0,Amazon
Banking Awareness for SBI & IBPS Bank Clerk/PO/RRB/RBI Exams,by Disha Experts,4.5,6,9388240944,147.0,Amazon
"CDS 12 Years Topic-wise Solved Papers Mathematics, English & General Knowledge...",by Disha Experts,3.8,10,9387421627,363.0,Amazon
Lucents Samanya Hindi : Pratiyogi Parikshaon Ke Leye,by .,4.2,33,9384761168,190.0,Amazon
Madhya Pradesh General Knowledge - At A Glance,by C.L. Khanna,3.3,9,9350132389,85.0,Amazon
Relativity: The Special and the General Theory (General Press),by Albert Einstein,4.4,430,9380914229,146.0,Amazon
The Wellness Sense: A Practical Guide to your Physical and Emotional Health Based...,by Om Swami,4.8,334,9351772624,178.0,Amazon
Indian Superfoods: Change the Way You Eat,by Rujuta Diwekar,4.1,305,8193237234,269.0,Amazon
A Taste of Well-Being: Sadhguru's Insights for Your Gastronomics,by Isha Foundation,4.3,180,9351363783,172.0,Amazon
You Can Heal Your Life,by Louise L. Hay,4.6,562,8190565583,252.0,Amazon
The Heartfulness Way: Heart-Based Meditations for Spiritual Transformation,by Kamlesh D. Patel,4.9,605,9386850567,189.0,Amazon
Eat Delete Junior: Child Nutrition for Zero to Fifteen Years,by Pooja Makhija,3.8,24,9352644875,239.0,Amazon
Mudras & Health Perspectives: An Indian Approach: 12 New Mudras including Kubera...,by Suman K. Chiplunkar,4.4,78,8190587447,299.0,Amazon
"Prevent and Reverse Heart Disease: The Revolutionary, Scientifically Proven,...",by Caldwell B. Esselstyn Jr. M.D.,4.3,25,1583333002,499.0,Amazon
Ageless: A Yogi's Secrets To A Long And Healthy Life,by Sharath Jois,5.0,2,8193876784,193.0,Amazon
"Textbook of Anatomy: Head, Neck and Brain - Vol.3",by Vishram Singh,5.0,1,8131252914,582.0,Amazon
13 Steps to Bloody Good Luck,by Ashwin Sanghi,4.1,522,9384030570,90.0,Amazon
You Can Win: A step by step tool for top achievers,by Shiv Khera,4.6,770,9382951717,232.0,Amazon
"The Biology of Belief: Unleashing the Power of Consciousness, Matter and Miracles",by Bruce Lipton,4.4,199,9380480016,210.0,Amazon
Light on Pranayama,by B.K.S. Iyengar,4.3,70,8172235410,248.0,Amazon
"Let's Talk Money: You've Worked Hard for It, Now Make It Work for You",by Monika Halan,4.5,85,9352779398,367.0,Amazon
The Power of Now: A Guide to Spiritual Enlightenment,by Eckhart Tolle,4.5,457,8190105914,250.0,Amazon
Textbook of Clinical Neuroanatomy,by Vishram Singh,4.8,12,8131244644,542.0,Amazon
Adiyogi: The Source of Yoga,by Sadhguru,4.6,376,9352643925,178.0,Amazon
Right Parenting: New Age Parenting and Child-Health Handbook,by Mandar V. Bichu,5.0,1,8179918564,370.0,Amazon
Ancient and Medieval India,by Poonam Dalal Dahiya,4.5,330,9352603451,342.0,Amazon
A History of Medieval India,by Chandra Satish,4.1,437,8125032266,269.0,Amazon
A History of Ancient and Early Medieval India: From the Stone Age to the 12th...,by Upinder Singh,4.4,247,8131716775,504.0,Amazon
World History,by Krishna Reddy,4.1,43,9387067556,238.0,Amazon
Homo Deus: A Brief History of Tomorrow,by Yuval Noah Harari,4.5,304,1784703931,344.0,Amazon
Modern Indian History: For Civil Services Preliminary and Main Examinations,by Sonali Bansal,4.4,94,9353160235,473.0,Amazon
"India's Wars: A Military History, 1947-1971",by Arjun Subramaniam,4.5,38,9351777499,415.0,Amazon
"Madhyakaleen Bharat Rajniti, Samaj Aur Sanskr",by Chandra Satish,4.3,154,8125032487,202.0,Amazon
Why I Am a Hindu,by Dr. Shashi Tharoor,3.4,259,9386021102,299.0,Amazon
Assam: From Yandabo to Partition,by Priyam Goswami,4.0,26,8125046534,270.0,Amazon
University of Delhi (DU) MA History Entrance Exam Guide,by RPH Editorial Board,4.0,8,9350128268,182.0,Amazon
Adhunik Bharat Ka Itihas,by Bipan Chandra,4.3,361,8125036814,192.0,Amazon
Prarambhik Bharat Ka Parichay,by Ram Sharan Shar,4.5,132,8125026517,202.0,Amazon
A Brief History Of Modern India (Old edition),by Rajiv Ahir,4.0,502,8179306127,195.0,Amazon
A History of Political Thought: Plato to Marx,by Mukherjee,3.7,68,8120343891,329.0,Amazon
An Introduction to the Study of Indian History,by Damodar Dharmanand Kosambi,4.4,12,9386042215,300.0,Amazon
History of Medieval India,by V D Mahajan,3.9,11,8121903645,364.0,Amazon
Adhunik Bharat KA Itihas आधुनिक भारत का इतिहास,by Rajiv Ahir,4.3,50,8179306895,235.0,Amazon
Geography of India,by Majid Husain,4.1,227,9352606221,460.0,Amazon
Bake with Shivesh,by Shivesh Bhatia,4.6,14,9353023114,559.0,Amazon
A Dog's Way Home: The Heartwarming Story of the Special Bond Between Man and...,by W. Bruce Cameron,5.0,4,1509855947,399.0,Amazon
Home Gardeners’ Guide Indian Garden Flowers,by Amarjeet Singh Batth,3.4,7,8175994029,399.0,Amazon
It,by Stephen King,4.4,113,1444707868,224.0,Amazon
Upon an Old Wall Dreaming: More of My Favourite Stories and Sketches,by Ruskin Bond,4.9,9,9384067474,240.0,Amazon
That Frequent Visitor: Every Face has a darker side,by K. Hari Kumar,3.7,121,9382665307,93.0,Amazon
The Ruskin Bond Horror Omnibus,by Ruskin Bond,4.0,7,8129112558,395.0,Amazon
Bhoy Rohosyo 101 [Horror Story] (Bengali),by Trideb Kumar Chatterjee & Subhasish Ghosh,4.5,4,8183741916,440.0,Amazon
Elevation,by Stephen King,3.4,6,1473691524,309.0,Amazon
The Hitchhiker's Guide to the Galaxy Omnibus: A Trilogy in Five Parts (Hitchhikers...,by Douglas Adams,4.1,154,1509852794,510.0,Amazon
Autobiography of a Yogi (Complete Edition),by Paramahansa Yogananda - Illustrated,4.6,1265,8190256203,179.0,Amazon
My Gita,by Devdutt Pattanaik - Special Edition,4.2,686,8129137704,153.0,Amazon
Dilli Darbaar,by Satya Vyas,4.2,158,9386224194,107.0,Amazon
What If?,by Randall Munroe - Kindle eBook,4.4,195,1848549563,291.0,Amazon
Tom Gates Book: Absolutely Fantastic,by Tom Gates,4.7,27,9351033031,194.0,Amazon
A Horse Walks into a Bar (Winner of the International Man Booker Prize 2017),by David Grossman,4.0,39,1784704229,263.0,Amazon
Tom Gates Book #4: Genius Ideas,by Tom Gates,4.4,55,9351033023,257.0,Amazon
Rag Darbari,by Shrilal Shukla,4.5,141,8126713968,200.0,Amazon
Eleventh Hour,by S. Hussain Zaidi,4.0,50,9352779290,160.0,Amazon
The Concise 48 Laws Of Power (The Robert Greene Collection),by Robert Greene,4.2,62,1861974043,283.0,Amazon
Geronimo Stilton #63? the Cheese Experiment,by Geronimo Stilton,4.3,41,9385887351,161.0,Amazon
Homo Deus (Special Collector’s Editions in Full Colour): A Brief History of Tomorrow,by Yuval Noah Harari,4.5,304,1910701882,300.0,Amazon
One Life to Ride: A Motorcycle Journey to the High Himalayas,by Ajit Harisinghani,4.7,99,8175992948,189.0,Amazon
Job Be Damned: Work Less. Career Success.,by Rishi Piparaiya,4.0,31,9352777670,161.0,Amazon
Indian Navy Secondary SSR Guide 2018,by Arihant Experts,4.0,24,9312148885,138.0,Amazon
An Introduction to Indian Philosophy,by Satishchandra Chatterjee,4.4,91,8129111950,106.0,Amazon
Indian Coast Guard Navik General Duty Guide 2018,by Arihant Experts,4.8,6,9312148907,202.0,Amazon
Indian Polity (Telugu Version),by M. Laxmikanth,4.2,75,9385880160,599.0,Amazon
Objective Indian Polity: General Studies - Paper I,by M. Laxmikanth,4.1,116,9339220838,276.0,Amazon
The Book of Indian Dogs,by S. Theodore Baskaran - Import,3.6,57,9384067571,394.0,Amazon
Indian Mammals: A Field Guide,by Vivek Menon,4.8,159,9350097605,775.0,Amazon
Indian Air Force Airman Group 'Y' (Non-Technical Trades),by Arihant Experts,3.9,26,9311126691,165.0,Amazon
It Happens for a Reason,by Preeti Shenoy,4.2,394,9384030740,189.0,Amazon
Bhartiya Nausena Senior Secondary (SSR),by Arihant Experts,4.6,3,9311126780,203.0,Amazon
Banaras Talkies,by Satya Vyas,4.5,370,9381394997,87.0,Amazon
Half Girlfriend,by Chetan Bhagat,4.2,6566,8129135728,106.0,Amazon
integration of the Indian States,by V.P. Menon,4.6,34,8125054510,720.0,Amazon
Never Kiss your Best Friend,by Sumrit Shahi - Import,4.4,108,8129134853,101.0,Amazon
Note by Note: The India Story 1947-2017,by A. Bhardwaj - Import,4.8,12,9352770102,269.0,Amazon
Simply South : Traditional Vegetarian Cooking,by Chandra Padmanabhan,4.4,9,8189975749,237.0,Amazon
An Indian Spy in Pakistan,by Mohanlal Bhaskar,4.2,147,8188575194,295.0,Amazon
Legal Eagles: Stories of the Top Seven Indian Lawyers,by Indu Bhan,3.9,70,8184006357,310.0,Amazon
India 2018: A Reference Annual,by Publication Division,3.8,160,8123027389,333.0,Amazon
Pathfinder for NDA & NA National Defence Academy Naval Academy Entrance Examination,by Arihant Experts,4.3,176,9312146734,572.0,Amazon
You’re the Password to My Life,by Sudeep Nagarkar,4.2,447,8184005849,102.0,Amazon
.NET: Interview Questions,by Shivprasad Koirala,4.1,142,8183331475,300.0,Amazon
SQL Server Interview Questions,by Shiv Prasad Koirala,3.3,18,8183331033,282.0,Amazon
Unix Shell Programming,by Yashavant P. Kanetkar,3.8,45,8170297532,282.0,Amazon
Law of Torts With Consumer Protection Act,by RK Bangia,4.2,22,8189530917,434.0,Amazon
The Seven Spiritual Laws of Success: A Pocket Guide to Fulfilling Your Dreams,by Deepak Chopra M.D.,4.4,211,8189988042,189.0,Amazon
The Law of Success: In Sixteen Lessons (General Press),by Napoleon Hill,4.4,150,8180320928,371.0,Amazon
The 48 Laws Of Power (The Robert Greene Collection),by Robert Greene,4.4,137,1861972784,643.0,Amazon
The 7 Laws of Clearing CA Final,by Nitin Soni,4.5,53,9350712539,119.0,Amazon
The Laws of the Spirit World (Now In Hindi),by Khorshed Bhavnagri,4.6,99,8184952589,284.0,Amazon
Self Study Guide CLAT (Common Law Admission Test) 2019,by Arihant Experts,3.6,4,9313165317,405.0,Amazon
The Law of Attraction,by Jerry Hicks,4.4,32,8189988158,261.0,Amazon
The Code of the Extraordinary Mind: 10 Unconventional Laws to Redefine Your Life...,by Vishen Lakhiani,4.5,60,1623367581,431.0,Amazon
Basic Laws of Electromagnetism,by IE IRODOV,3.9,57,9350943182,72.0,Amazon
The Essence of Law of Success (Hindi),by N Hil,4.4,8,8184955561,143.0,Amazon
The Key to Living the Law of Attraction: The Secret to Creating the Life of Your...,by Jack Canfield,4.7,11,1409151638,228.0,Amazon
"Criminal Manual: Cr.P.C., I.P.C. and Evidence 2018",by Universal's Legal Manual (Pocket Size),4.1,49,8175349190,330.0,Amazon
Introduction to Information Security and Cyber Laws,by Surya Prakash Tripathi,1.0,1,9351194736,332.0,Amazon
The Essence of Law of Success,by Napoleon Hill,4.348216833095578,0,8184954336,140.0,Amazon
Rahasya,by Rhonda Byrne,4.6,870,8183220940,233.0,Amazon
Sidharth,by Hermann Hesse,4.3,69,9350642344,104.0,Amazon
All  in One English Communicative CBSE Class 10  (based on textbook Literature...,by Gajendra Singh,4.5,157,9312149547,235.0,Amazon
CBSE All  In One English Language and Literature CBSE Class 9 (based on Books...,by Gajendra Singh,4.3,56,9312149431,234.0,Amazon
An Outline History of English Literature,by William Henry Hudson,4.1,34,8129135396,113.0,Amazon
A Background to the study of English Literature: Revised Edition,by Brijadish Prasad,3.8,18,9351380424,175.0,Amazon
Lokpriya Shayar Aur Unki Shayari: Sahir Ludhianavi,by Prakash Pandit,4.4,41,9350641984,100.0,Amazon
Ruskin Bond Ki Lokpriya Kahaniyan,by Ruskin Bond,3.6,9,9351865517,150.0,Amazon
The Fifth Mountain,by Paulo Coelho,4.4,36,8172235143,224.0,Amazon
Oswaal ISC Question Bank Class 12 English Papers 2 Literature Chapterwise and...,by Oswaal Editorial Board,4.1,7,9387504999,169.0,Amazon
Yayati (Hindi),by Vishnu S. Khandekar,4.1,55,8170285593,178.0,Amazon
"My Hero Academia, Vol. 1",by Kohei Horikoshi,4.9,15,1421582694,499.0,Amazon
The Hunt for the Secret Papyrus (Geronimo Stilton),by Geronimo Stilton - Import,4.6,82,9385887750,328.0,Amazon
Geronimo Stilton Se: The Hunt for the 100th Key,by Geronimo Stilton,4.5,100,9386313219,413.0,Amazon
A Case of Exploding Mangoes,by Mohammed Hanif,3.7,24,8184001894,255.0,Amazon
Thea Stilton #23: Thea Stilton and the Hollywood Hoax,by Thea Stilton,4.3,45,9386041138,260.0,Amazon
Geronimo Stilton #65 the Bollywood Burglary,by Geronimo Stilton,4.3,145,9386313162,350.0,Amazon
All In One Science - Class 10 (2018-19 Session),by Arihant Experts,4.4,188,9312149601,298.0,Amazon
Oswaal CBSE Question Bank Class 9 Science Chapterwise and Topicwise (For March...,by Oswaal Editorial Board,4.6,53,9387504832,295.0,Amazon
ESSAYS for Civil Services and Other Competitive Examinations,by Pulkit Khare,3.9,167,9351410226,65.0,Amazon
Together with CBSE/NCERT Practice Material Chapterwise for Class 10 Social Science...,by Namrata Singh,3.8,26,9387672662,329.0,Amazon
Hero (Secret (Rhonda Byrne)),by Rhonda Byrne,4.4,85,1471133443,639.0,Amazon
Internal Security for Civil Services Main (GS paper III) by Pearson,by M. Karthikeyan,4.5,53,9332587353,148.0,Amazon
Gazing at Neighbours: Travels Along the Line That Partitioned India,by Bishwanath Ghosh,4.5,32,9386224984,195.0,Amazon
Together with CBSE/NCERT Practice Material Chapterwise for Class 12 Chemistry...,by R. P. Manchanda,3.4,9,9387672417,349.0,Amazon
Self-Assessment & Review Medicine (Part A & B) (PGMEE),by Mudit Khanna,3.3,16,9352704339,1.0,Amazon
The Essentials of Forensic Medicine and Toxicology,by K.S. Narayan Reddy,4.5,19,9352701038,467.0,Amazon
Review of Pharmacology (PGMEE),by Gobind Rai Garg,4.4,35,9352704177,640.0,Amazon
What Your Doctor Doesn'T Know About Nutritional Medicine May beKilling You,by Ray D. Strand. M.D.,4.1,23,8183221629,150.0,Amazon
Kya Apka Doctor Poshak Tatvon Ke Bare Mein Jantaa Hai,by Ray D. Strand,4.2,56,8182742757,185.0,Amazon
SRB’s Manual of Surgery,by Sriram Bhat M,3.9,33,9351524167,1.0,Amazon
Diabetes Type 1 & 2: 72 Ghanton Mai Rogmukt,by Biswaroop Roy Choudhray,3.4,74,9351656233,143.0,Amazon
If Truth Be Told: A Monk's Memoir,by Om Swami,4.7,527,9351368068,311.0,Amazon
Gene Machine: The Race to Decipher the Secrets of the Ribosome,by Venki Ramakrishnan,4.9,13,9353023238,436.0,Amazon
The Man Who Mistook His Wife for a Hat: Picador Classic,by Oliver Sacks,4.3,35,1447275403,311.0,Amazon
An Astronaut's Guide to Life on Earth,by Chris Hadfield - Unabridged,4.6,36,1447257510,324.0,Amazon
Mothering A Muslim,by Nazia Erum,4.348216833095578,0,8193876717,162.0,Amazon
Eat Pray Love: One Woman's Search for Everything,by Elizabeth Gilbert,4.2,65,1408844486,364.0,Amazon
I Too had a Dream,by Verghese Kurien,4.7,123,8174364072,295.0,Amazon
One Life is not Enough: An Autobiography,by K. Natwar Singh,3.9,126,8129132745,225.0,Amazon
Driven: The Virat Kohli Story,by Vijay Lokapally,4.4,81,9385936263,299.0,Amazon
If I Had to Tell It Again: A Memoir,by Gayathri Prabhu,4.5,21,9352773756,218.0,Amazon
My Country My Life,by L.K. Advani,4.5,14,8129116545,298.0,Amazon
Not Just an Accountant: The Diary of the Nations Conscience Keeper,by Vinod Rai,4.5,196,8129134616,378.0,Amazon
Living With the Himalayan Masters,by Swami Rama,4.9,18,8183222714,232.0,Amazon
Thea Stilton Mouseford Academy #8: A Fashionable Mystery,by Thea Stilton,4.4,38,8184778546,167.0,Amazon
The Krishna Key: Book 3 in the Bharat Series of Historical and Mythological Thrillers,by Ashwin Sanghi,4.1,636,9381626685,230.0,Amazon
The Mahabharata Quest: The Alexander Secret,by Christopher C. Doyle,3.8,511,9384030597,186.0,Amazon
The Reckoning,by John Grisham,3.2,15,1473684587,247.0,Amazon
The Three Secret Cities (Jack West Series),by Matthew Reilly,4.4,18,1409167178,388.0,Amazon
A Murder in Gurgaon,by Manish Dubey,3.9,69,9382665781,106.0,Amazon
Harry Potter and the Half Blood Prince,by J.K. Rowling,4.6,246,1408855704,628.0,Amazon
"Marry Me, Stranger",by Novoneel Chakraborty,4.4,410,8184005962,112.0,Amazon
The Power of Your Subconscious Mind,by Joseph Murphy,4.5,5009,8183224008,159.0,Amazon
Principles: Life and Work,by Ray Dalio,4.4,87,1501124021,864.0,Amazon
Note to Self,by Connor Franta,4.5,53,1471163571,490.0,Amazon
"Plague, Fall, Exile And The Kingdom And Selected Essays (Everyman's Library Contemporar)",by Albert Camus,4.6,23,1857152786,629.0,Amazon
India Now and in Transition,by Atul K. Thakur,5.0,1,9385285637,369.0,Amazon
Indian Political Thought,by Himanshu Roy,4.0,22,9332587337,230.0,Amazon
"The Spy Chronicles: RAW, ISI and the Illusion of Peace",by A.S. Dulat - Illustrated,3.5,121,9352779258,477.0,Amazon
Ishq Mein Shahar Hona ( Volume 1 of Laprek Trilogy),by Ravish Kumar,4.0,308,8126727675,119.0,Amazon
Political Theory Textbook for Class - 11  - 11117,by NCERT,3.8,24,8174506136,70.0,Amazon
Ashvamedha: The Game of Power,by Aparna Sinha,4.2,224,9382665765,195.0,Amazon
15 Sample Question Political Science Class 12th CBSE,by Arihant Experts,5.0,1,9313166127,113.0,Amazon
Physics for Class 10 (2019 Exam),by Lakhmir Singh,4.3,57,9352831802,320.0,Amazon
Handbook of Physics,by Nipendra Bhatnagar,4.4,403,9352036034,189.0,Amazon
CBSE All  In One Mathematics CBSE Class 10 for 2018 - 19,by Arihant Experts,4.5,81,9312149598,234.0,Amazon
10 Years Solved Papers: ICSE Class 10 for 2019 Examination,by Gurukul Books,4.6,115,8193550714,678.0,Amazon
Chemistry for Class 10 (2019 Exam),by Lakhmir Singh,4.2,81,9352831810,381.0,Amazon
Oswaal CBSE Question Bank Class 10 English Communicative Chapterwise and Topicwise...,by Oswaal Editorial Board,4.3,91,9387504905,247.0,Amazon
Microsoft Excel 2016 Bible: The Comprehensive Tutorial Resource,by John Walkenbach,3.9,49,8126558946,833.0,Amazon
Exploring Biology for NEET - Vol. 1,by Sanjay Sharma,4.4,21,9312146998,525.0,Amazon
CBSE All  In One Science CBSE Class 9 for 2018 - 19,by Arihant Experts,4.6,66,9312149687,230.0,Amazon
CBSE Biology Chapterwise Solved Papers Class 12th,by Arihant Expert,4.3,38,9313161400,150.0,Amazon
CBSE All  in One Chemistry CBSE Class 12 for 2018 - 19,by Indu Gupta,4.4,46,9312149008,260.0,Amazon
Concept of Physics Part-2 (2018-2019 Session) by H.C Verma,by H.C. Verma,4.5,711,8177092324,267.0,Amazon
Concept of Physics Part-1 (2018-2019 Session) by H.C Verma,by H.C. Verma,4.6,963,8177091875,267.0,Amazon
CBSE All  in One BIOLOGY CBSE Class 12 for 2018 - 19,by Hema Batra,4.0,20,9312149024,241.0,Amazon
CBSE NCERT Solutions Physics Class 11  for 2018 - 19,by Nipendra Bhatnagar,4.0,89,9351416348,166.0,Amazon
Handbook of Chemistry,by R P Singh,4.3,369,9352036042,154.0,Amazon
Mechanical Engineering: Conventional and Objective Types (2018-19 Session),by R.S. Khurmi,4.0,603,8121906288,430.0,Amazon
How to Crack Test Of Reasoning,by Jaikishan,5.0,3,9313166755,142.0,Amazon
Programming with Java,by Balagurusamy,4.2,105,9351343200,474.0,Amazon
CBSE All  in One Chemistry CBSE Class 11 for 2018 - 19,by Preeti Gupta,4.4,43,9312148311,307.0,Amazon
A Handbook on Electronics Engineering - Illustrated Formulae & Key Theory Concepts,by Made Easy Editorial Board,4.3,167,9351472019,278.0,Amazon
The Official Guide to the GRE General Test,by ETS,4.2,47,9352607376,895.0,Amazon
CBSE All  in One PHYSICS CBSE Class 12 for 2018 - 19,by Keshav Mohan,3.8,32,9312148990,250.0,Amazon
CBSE All  In One English Core Cbse Class 11 for 2018 - 19,by Gajendra Singh,4.0,39,9312148346,223.0,Amazon
Mahabharata,by C.Rajagopalachari,4.4,131,8172764766,181.0,Amazon
The Elements of COORDINATE GEOMETRY Part-1 Cartesian Coordinates,by S L Loney,4.3,130,9351762238,76.0,Amazon
CBSE NCERT Exemplar Problems-Solutions Mathematics class 10  for 2018 - 19,by Experts Compilation,4.3,141,9351762645,158.0,Amazon
CBSE All  In One English Core CBSE Class 12 for 2018 - 19,by Arihant Experts,4.4,73,9312149032,370.0,Amazon
"Reactions, Rearrangements and Reagents",by S.N. Sanyal,4.5,127,8177096052,166.0,Amazon
A Glossary of Literary Terms,by M.H. Abrams,4.3,128,8131526356,270.0,Amazon
Principles and Practices of Banking,by IIBF,4.5,253,9350597292,490.0,Amazon
CBSE NCERT Exemplar Problems-Solutions PHYSICS class 11  for 2018 - 19,by Experts Compilation,4.2,104,9351764494,86.0,Amazon
The Ancient Science of Mantras,by Om Swami,4.6,194,9386348713,394.0,Amazon
The Greatest Salesman in the World,by Og Mandino,4.3,156,8179926877,109.0,Amazon
The God Delusion,by Richard Dawkins - Special Edition,4.4,163,1784161926,414.0,Amazon
Devil and Miss Prym,by Paulo Coelho,4.1,23,8172235151,218.0,Amazon
The Hindu View Of Life,by S. Radhakrishnan,4.3,41,8172238452,149.0,Amazon
Autobiography of a Yogi (Complete Hindi Edition),by Paramahansa Yogananda,4.8,395,8190256211,161.0,Amazon
The Holy Science,by Swami Sri Yukteswar Giri,4.6,156,8189535196,75.0,Amazon
Introduction to Religious Philosophy,by Y. Masih,3.7,8,8120808541,325.0,Amazon
Alchemist,by Paulo Coelho,4.6,3839,8186685693,185.0,Amazon
Shiva to Shankara: Giving Form to the Formless,by Devdutt Pattanaik,4.4,27,9352641957,227.0,Amazon
Of Mystics & Mistakes,by Sadhguru,4.5,52,8184953089,235.0,Amazon
The Chronicles of Hanuman,by Shubha Vilas - Import,4.7,27,9384225762,333.0,Amazon
Ramayana Versus Mahabharata: My Playful Comparison,by Devdutt Pattanaik,4.2,28,9353332303,221.0,Amazon
Swami Vivekananda: A Biography,by Gautam Ghosh,4.1,23,8129101491,375.0,Amazon
Unposted Letter,by Mahatria Ra,4.7,248,8183225705,218.0,Amazon
Freedom from the Known,by J Krishnamurti,4.6,86,1846042135,213.0,Amazon
Aghora: At the Left Hand of God,by Robert Svobod,4.4,82,8171673422,272.0,Amazon
What Is Hinduism?: A Guide for the Global Mind,by David Frawley,4.4,11,9388038630,374.0,Amazon
Jeevan Ke Prishth: Buddh Kee Deshanaa,by Osho,5.0,2,8121611369,178.0,Amazon
The Bhagavadgita,by S. Radhakrishnan,4.2,40,8172238983,295.0,Amazon
Lanka’s Princess,by Kavita Kanè - Import,4.1,101,8129144514,272.0,Amazon
My Grandmother's Tweets: Inspired by Avvaiyar's Ancient Wisdom,by Geeta Gopalakrishnan,4.0,2,9353023904,311.0,Amazon
Two Saints: Speculations Around and About Ramakrishna Paramahamsa and Ramana...,by Arun Shourie,3.6,36,9352645049,378.0,Amazon
Journey to Self-Realization: Collected Talks and Essays on Realizing God in Daily...,by Paramahansa Yogananda,4.8,53,8189535072,166.0,Amazon
Meditation and Its Practice,by Swami Rama,4.5,26,8183225454,81.0,Amazon
Sri Madhaandhra Bhagavatham,by Chaganti Koteshwara Rao,4.7,41,9382203966,500.0,Amazon
"The Buddha in Me, the Buddha in You: A Handbook for Happiness",by David Hare,4.5,19,1846044952,450.0,Amazon
Half Girlfriend (Movie Tie-in Edition),by Chetan Bhagat - Import,4.2,6566,8129124025,167.0,Amazon
First Love!...Just Like the Last One!,by Sachin Garg,3.9,87,8192222667,140.0,Amazon
The Divine Romance: Collected Talks and Essays on Realizing God in Daily Life: 2,by Paramahansa Yogananda,4.8,37,8189535056,175.0,Amazon
The One You Cannot Have,by Preeti Shenoy,4.1,381,9383260688,189.0,Amazon
Love Story,by Erich Segal,4.3,113,1444776967,103.0,Amazon
The Stars Shine Down,by Sidney Sheldon,3.9,22,8172234791,218.0,Amazon
UGC NET Physical Science,by W.Malemnganba Chenglei,4.2,41,9312146475,510.0,Amazon
CBSE All  In One Science Class 8 for 2018 - 19,by Arihant Experts,4.3,23,9312147501,151.0,Amazon
Biology for Class 10 (2019 Exam),by Lakhmir Singh,4.4,58,9352831829,289.0,Amazon
Textbook of Fabric Science: Fundamentals to Finishing,by Sekhri Seema,4.8,10,8120352394,275.0,Amazon
CBSE All  In One Social Science Class 6 for 2018 - 19,by Arihant Experts,4.6,19,9312147420,126.0,Amazon
Science for Class 8,by Lakhmir Singh,4.4,44,9352530241,360.0,Amazon
Magbook General Science 2019,by Arihant Expert,3.6,5,9313166607,112.0,Amazon
Olympiad Champs Science Class 4 with Past Olympiad Questions,by Disha Experts,4.4,8,9388026330,180.0,Amazon
Oswaal CBSE Sample Question Paper Class 9 Science (For March 2019 Exam),by Oswaal Editorial Board,4.8,7,9388036573,151.0,Amazon
CTET & TETs Previous Year' Solved papers Mathematics & Science Class VI-VIII,by Arihant Experts,3.5,28,9312140329,122.0,Amazon
CBSE All  In One Social Science Class 8 for 2018 - 19,by Arihant Experts,4.4,37,9312147528,171.0,Amazon
Social Science & Pedagogy for CTET & TETs Class VI-VIII,by Arihant Experts,4.3,9,9311130796,136.0,Amazon
CTET Success Master Science Social/Studies Paper-II  for Class VI-VIII,by Arihant Experts,4.2,39,9312140221,275.0,Amazon
Olympiad Champs Science Class 5 with Past Olympiad Questions,by Disha Experts,5.0,1,9388026365,109.0,Amazon
CBSE NCERT Solutions - Science for Class 9 for 2018 - 19,by Kanchan Upreti,4.2,50,9351415708,92.0,Amazon
Olympiad Champs Science Class 3 with Past Olympiad Questions,by Disha Experts,5.0,2,9388026292,139.0,Amazon
Xam Idea Complete Course Social Science Class 10 for 2019 Exam,by VK Global Publications,4.2,70,9387516881,344.0,Amazon
10 Last Years Solved Papers (HSC) - Science: Maharashtra Board Class 12 for 2019...,by Oswal Publishers,4.7,4,9387660451,565.0,Amazon
National Science Olympiad  Workbook (NSO) - Class 2,by Anil Ahlawat,4.6,33,9387351580,60.0,Amazon
10 Years CBSE Champion Chapterwise-Topicwise Social Science - Class 10,by MTG Editorial Board,5.0,1,9387949818,227.0,Amazon
Chanakya in Daily Life,by Radhakrishnan Pillai - Import,4.1,81,8129144441,148.0,Amazon
Kiss That Frog : 12 Great Ways To Turn Negatives Into Positives In Your Life...,by Brian Tracy,4.5,56,9350291606,101.0,Amazon
What Got You Here Won't Get You There: How Successful People Become Even More...,by Marshall Goldsmith,4.2,117,1781251568,209.0,Amazon
The Art of Public Speaking,by Dale Carnegie,4.0,168,8184302614,156.0,Amazon
The Magic of thinking Big,by David J Schwartz,4.5,440,1785040472,227.0,Amazon
13 Steps to Bloody Good Marks,by Ashwin Sanghi,4.6,116,9386224763,90.0,Amazon
"You Can Read Anyone: Never be Fooled, Lied to or Taken Advantage of Again",by David J. Lieberman,4.4,13,8184952422,230.0,Amazon
"Know Your Worth: Stop Thinking, Start Doing (General Press)",by N K Sondhi,4.4,132,8180320235,221.0,Amazon
Time Management (Hindi),by Sudhir Dixit,4.4,416,8183220185,71.0,Amazon
Don't Polish Your Ignorance …It May Shine,by Sadhguru,4.6,45,8184952007,222.0,Amazon
Apke Avchetan Man Ki Shakti (The Power of your Subconscious Mind in Hindi),by Joseph Murphy,4.5,585,8175993669,99.0,Amazon
50 Self-Help Classics (The 50 Classics),by Tom Butler-Bowdon,3.6,4,1473658284,460.0,Amazon
Ego is the Enemy,by Ryan Holiday,4.5,66,1781257019,421.0,Amazon
The Psychology Book (Big Ideas),by D.K.,4.2,33,1405391243,749.0,Amazon
"The 5 Second Rule: Transform your Life, Work, and Confidence with Everyday Courage",by Mel Robbins,4.4,69,1682612384,498.0,Amazon
How to Prepare for Logical Reasoning for CAT,by Arun Sharma,4.0,116,9352606949,398.0,Amazon
Sanyasi Jisne Apni Sampati Bech Di: The Monk Who Sold His Ferrari (Hindi),by Robin Sharma,4.6,2913,8179924947,142.0,Amazon
Xam Idea Chemistry Class 12 for 2019 Exam,by VK Global Publications Pvt. Ltd.,4.6,27,9387958574,433.0,Amazon
The Secret(Tamil),by Rhonda Byrne,4.6,261,8183222056,288.0,Amazon
Success - the Best of Napoleon Hill,by Napoleon Hill,4.4,40,8183220797,144.0,Amazon
Everything You Wanted To Know About Stock Market Investing - Revised & Updated...,by TV18 Broadcast LTD (CNBC TV18),4.4,16,9387860191,284.0,Amazon
Discover Your Destiny 15 million copies sold,by Robin Sharma,4.4,188,8179923274,225.0,Amazon
Understanding Physics for JEE Main & Advanced Electricity & Magnetism,by DC Pandey,4.3,73,9312147188,277.0,Amazon
GATE 2019: Mechanical Engineering - Previous Solved Papers,by Made Easy Editorial Board,4.2,115,9351473635,420.0,Amazon
Mirror Work: 21 Days to Heal Your Life,by Louise L. Hay,4.5,41,9381431922,210.0,Amazon
How to Get From Where You Are to Where You Want to be,by Jack Canfield,4.4,8,8183225039,255.0,Amazon
Lakshya (Goals) (Hindi),by Brian Tracy,4.5,90,8183221785,202.0,Amazon
Oswaal NCERT & CBSE Question Banks Class 8 Social Science,by Oswaal Editorial Board,4.4,18,9386659964,189.0,Amazon
CBSE WORKBOOK SOCIAL SCIENCE CLASS 6 for 2018 - 19,by Arihant Experts,4.5,22,9311121924,92.0,Amazon
Together with CBSE/NCERT Practice Material Chapterwise for Class 9 Social Science...,by Namrata Singh,4.2,23,9387840107,349.0,Amazon
Golden Social Science: (With Sample Papers) A Refresher for Class 10 (For 2019...,by Rastogi Sudha,3.9,32,8122421741,498.0,Amazon
Sociology of Indian Society,by Rao C.N. Shankar,3.1,9,8121924030,400.0,Amazon
Sociology: Principles of Sociology with an Introduction to Social Thoughts,by Rao C.N. Shankar,4.0,32,8121910366,430.0,Amazon
Social Problems In India,by Ram Ahuja,4.1,139,8131606279,260.0,Amazon
The Billionaire Raj: A Journey through India's New Gilded Age,by James Crabtree,3.9,34,9353020174,445.0,Amazon
7 Secrets of Shiva,by Devdutt Pattanaik,4.3,397,9386224046,244.0,Amazon
From Plassey To Partition and After,by Sekhar Bandyopadhyay,4.3,211,8125057234,260.0,Amazon
Mass Communication in India,by Keval J. Kumar,4.4,68,8172243731,150.0,Amazon
Breaking India: Western Interventions in Dravidian and Dalit Faultlines,by Rajiv Malhotra,4.7,285,8191067374,791.0,Amazon
"Immortal India: Young Country, Timeless Civilisation, Non-Fiction, Amish explores...",by Amish Tripathi,4.2,216,8193432002,159.0,Amazon
Think and Grow Rich: Original Version,by Napoleon Hill,4.6,3615,9562913244,529.0,Amazon
Roll of the Dice: Duryodhana’s Mahabharata (Ajaya Book 1),by Anand Neelakantan,4.2,345,9381576033,319.0,Amazon
Federer,by Chris Bowers,4.0,16,9381506841,326.0,Amazon
Democracy's XI: The Great Indian Cricket Story,by Rajdeep Sardesai,2.4,63,9386228483,458.0,Amazon
"Quiet Genius: Bob Paisley, British football’s greatest manager SHORTLISTED FOR...",by Ian Herbert - Import,4.4,5,1472937333,296.0,Amazon
M S Dhoni: Captain Cool,by Ayaz Memon - Import,4.3,31,8184955235,110.0,Amazon
Ace against Odds,by Sania Mirza,4.1,68,9351362639,290.0,Amazon
The Zoya Factor,by Anuja Chauhan,4.1,62,9385724835,227.0,Amazon
Free Hit: The Story of Women's Cricket in India,by Suprita Das,5.0,1,9353024552,311.0,Amazon
"Strength Training: The Complete Step-by-Step Guide to a Stronger, Sculpted Body...",by DK,4.8,8,1405344377,664.0,Amazon
The Man Eating Leopard of Rudraprayag,by Jim Corbett - Import,4.7,72,8129141841,140.0,Amazon
Mid-Wicket Tales: From Trumper to Tendulkar,by S Giridhar,4.6,18,8132117387,440.0,Amazon
SSB Interview: The Complete Guide,by Dr. N.K. Natarajan,4.4,515,8184955693,148.0,Amazon
Heat and Mass Transfer: Fundamentals and Applications (SIE),by Yunus A Cengel; Afshin J. Ghajar,3.6,35,9339223195,531.0,Amazon
Poor Economics: Rethinking Poverty & the Ways to End it,by Abhijit V. Banerjee,4.5,46,8184002807,419.0,Amazon
Objective Electrical Technology (2018-19 Session),by V.K Mehta,4.1,393,8121920973,494.0,Amazon
Water Resources Engineering Vol. II Irrigation Engineering & Hydraulic Structures,by Santosh Kumar Garg,4.0,42,8174090479,395.0,Amazon
Practical Boiler Operation Engineering and Power Plant,by Amiya Ranjan Mallick,4.4,89,8120351398,499.0,Amazon
"Hughes Electrical and Electronic Technology, 10e",by Hughes,4.2,30,8131733661,328.0,Amazon
Communication and Educational Technology in Nursing,by Sharma Suresh,5.0,1,8131243745,451.0,Amazon
Solved Papers for Manipal Engineering 2018,by Arihant Experts,5.0,2,9313166461,307.0,Amazon
Design Data Handbook for Mechanical Engineering in SI and Metric Units,by K. Mahadevan - Import,4.3,76,8123923155,316.0,Amazon
Heat Treatment: Principles and Techniques,by Rajan T.V,4.5,21,8120340957,254.0,Amazon
Oswaal CBSE Question Bank Class 10 Foundation of Information Technology Chapterwise...,by Oswaal Editorial Board,3.5,11,9387504956,184.0,Amazon
Introduction to Finite Elements in Engineering,by Chandrupatla,3.7,10,9332551820,499.0,Amazon
Principles of Power System,by V.K Mehta,4.1,50,8121924960,439.0,Amazon
Chemistry Textbook Part - 1 for Class - 12  - 12085,by NCERT,3.7,94,8174506489,170.0,Amazon
CBSE NCERT Solutions Physics  12  for 2018 - 19,by Nidhi Goel,4.3,135,9351416119,82.0,Amazon
Textbook of Bakery and Confectionery,by Ashokkumar Y,4.1,30,8120346033,225.0,Amazon
Textbook of Environmental Studies for Undergraduate Courses,by Erach Bharucha,4.1,92,8173718628,225.0,Amazon
A Textbook of Organic Chemistry,by Bahl Arun,4.4,43,9352531965,715.0,Amazon
NCERT Text Book with Exemplar Problems-Solutions: Mathematics Class 10,by MTG Editorial Board,5.0,3,9387747425,186.0,Amazon
The 30 Seconds Thrillers,by K V Sridhar,4.1,9,9385936948,262.0,Amazon
"Chai, Chai: 1",by Bishwanath Ghosh,3.7,92,9380032862,275.0,Amazon
Around India in 80 Trains,by Monisha Rajesh,3.9,46,8174369139,295.0,Amazon
Tales from India,by Rudyard Kipling,4.5,5,9380914415,208.0,Amazon
Travels in a Dervish Cloak: Adventures in Pakistan,by Isambard Wilkinson,5.0,2,9388038177,374.0,Amazon
The Age of Kali: Indian Travels and Encounters,by William Dalrymple,4.4,6,9385936549,375.0,Amazon
AAP & Down: An Insider’s Story of India’s Most Controversial Party,by Mayank Gandhi,4.5,27,9386797143,218.0,Amazon
SuperCouples,by Prachi Garg,4.6,200,9382665897,118.0,Amazon
Curfewed Night,by Basharat Peer,4.2,140,8184000901,280.0,Amazon
KPS Gill the Paramount Cop,by Rahul Chandan,4.0,33,9350335603,265.0,Amazon
The Last Lecture,by Randy Pausch,4.3,18,8183223583,166.0,Amazon
If I Stay,by Gayle Forman,3.9,111,1909531235,255.0,Amazon
Fangirl,by Rainbow Rowell - Unabridged,4.2,186,1447263227,320.0,Amazon
Fever Code (Prequel Maze Runner) (Maze Runner Series),by James Dashner,4.1,15,1911077031,198.0,Amazon
Glass Sword (Red Queen),by Victoria Aveyard,4.0,25,1409150747,196.0,Amazon
Heartless,by Marissa Meyer,4.3,26,1509818022,350.0,Amazon
The Secret to Teen Power,by Paul Harrington,4.8,48,1847386938,492.0,Amazon
Harry Potter and the Deathly Hallows (Harry Potter 7),by J.K. Rowling,4.6,352,1408855712,666.0,Amazon
Sita's Ramayana,by Samhita Arni,3.6,5,9380340036,542.0,Amazon
The Maze Runner #02 Scorch Trials Movie Tie-in,by James Dashner,3.9,56,9351039684,247.0,Amazon
Tom Gates #10: Super Good Skills (Almost . . .),by NILL,4.4,24,9386041901,213.0,Amazon
